COUNTER,PDFPAGES,ACCNO,BILLDATE,LETTERCODE,CUSTOMERNAME,ADDRESS1,ADDRESS2,ADDRESS3,CITY,STATE,ZIPCODE,PDFNAME
1,1,00000000000176329,2025-07-07,AMIDisconnect,KATHRYN A KNIGHT,6 DEWBERRY DR,APT 117,,PRESQUE ISLE,ME,04769-3175,VP_AMIDisconnect_1216.PDF
2,1,00000000000192409,2025-07-07,AMIDisconnect,PHILIP MCPHERSON,70 FLEETWOOD ST,,,PRESQUE ISLE,ME,04769-3029,VP_AMIDisconnect_1217.PDF
3,1,00000000000192409,2025-07-07,AMIDisconnect,PHILIP MCPHERSON,70 FLEETWOOD ST,,,PRESQUE ISLE,ME,04769-3029,VP_AMIDisconnect_1218.PDF
4,1,00000000000192409,2025-07-07,AMIDisconnect,PHILIP MCPHERSON,70 FLEETWOOD ST,,,PRESQUE ISLE,ME,04769-3029,VP_AMIDisconnect_1219.PDF
